ts	phase	decision	why	evidence	result
2026-09-28T10:18:54.212Z	baseline	Use isolated OMS worktree at df3597a; freeze upstream ecc249f1	Preserve unrelated edits and make comparison reproducible	.tmp/upstream-drift/inventory.json	33 file blobs verified
2026-09-28T10:20:35.598Z	baseline	Pin tracked text to LF and normalize isolated checkout	Windows autocrlf broke frontmatter and would corrupt pinned provenance hashes	.tmp/baseline-check.log; .gitattributes	1231 text files normalized; verify pending
2026-09-28T10:45:47.359Z	checkpoint	Upstream 33 paths adjudicated; adopt two	Core and delivery audits agree with portable boundaries	docs/acceptance/2026-09-28/upstream-decisions.json	18 covered;13 deliberate divergence;2 adopted
2026-09-28T10:45:47.369Z	checkpoint	Select native-path Candidate1 plus ADS and CRLF grafts	Root agrees with independent judge 9/6/6	 .tmp/architecture/judge.md	focused10 pass; independent code review pending
2026-09-28T10:45:47.370Z	checkpoint	Freeze visual attempt2 before migration	Attempt1 JPEG viewport inconsistency invalidated harness	 .tmp/visual/contract.json	desktop and mobile zero pixels; negative capture pending browser recovery
2026-09-28T10:45:47.370Z	checkpoint	Fix actual Windows failures from broad test run	Do not turn environment/test failures into success claims	.tmp/full-tests-first.log	124/130 first pass;6 failures retained
2026-09-28T10:59:23.811Z	checkpoint	Complete frozen local acceptance matrix	Scope real OMS changes and fishspeech heading component only	docs/upstream-and-project-acceptance-2026-09-28.md	130 tests pass; paired traversal median -42.15%; visual positive0 and negative reject
2026-09-28T10:59:23.813Z	correction	Markdown first green gate scanned zero files	Windows cmd preserves single quotes; change npm script to double quotes	.tmp/markdown-real.log	508 files actually linted; zero issues
2026-09-28T10:59:23.813Z	correction	Do not claim anonymous page backend health	Server log shows auth get-session500 without local secret	docs/acceptance/2026-09-28/visual/recovery-notes.json	visual component only; auth excluded
2026-09-28T10:59:23.813Z	checkpoint	Preserve invalid screenshot attempts and restore source	One mobile negative changed scrollbar; repeat at original client width	.tmp/visual/invalid-scrollbar-negative-mobile.png	accepted10959 pixels; fishspeech source clean
2026-09-28T10:59:23.813Z	checkpoint	Local stack positive plus stale patch rejection	Use actual OMS patches in temporary clone without external publishing	docs/acceptance/2026-09-28/local-stack.json	patch preserved after rebase;10tests refreshed;changed patch parked
2026-09-28T11:01:30.994Z	checkpoint	Final artifact checks and cleanup	Preserve frozen response bytes as text; isolate concurrent user work	docs/acceptance/2026-09-28/visual/recovery-notes.json	509 Markdown files pass; source clean; server stopped;3detached browser tabs remain
2026-09-28T11:03:39.089Z	end	Run01a0e771 final independent review accepted	Verified model identity and independent test execution	docs/acceptance/2026-09-28/final-review.txt	No flags;15/15 rerun;scope local Windows only
